title,price_raw,rating,availability,category
Sharp Objects,Â£47.82,4,In stock,Mystery
"In a Dark, Dark Wood",Â£19.63,1,In stock,Mystery
The Past Never Ends,Â£56.50,4,In stock,Mystery
A Murder in Time,Â£16.64,1,In stock,Mystery
The Murder of Roger Ackroyd (Hercule Poirot #4),Â£44.10,4,In stock,Mystery
The Last Mile (Amos Decker #2),Â£54.21,2,In stock,Mystery
That Darkness (Gardiner and Renner #1),Â£13.92,1,In stock,Mystery
Tastes Like Fear (DI Marnie Rome #3),Â£10.69,1,In stock,Mystery
A Time of Torment (Charlie Parker #14),Â£48.35,5,In stock,Mystery
A Study in Scarlet (Sherlock Holmes #1),Â£16.73,2,In stock,Mystery
Poisonous (Max Revere Novels #3),Â£26.80,3,In stock,Mystery
Murder at the 42nd Street Library (Raymond Ambler #1),Â£54.36,4,In stock,Mystery
Most Wanted,Â£35.28,3,In stock,Mystery
Hide Away (Eve Duncan #20),Â£11.84,1,In stock,Mystery
Boar Island (Anna Pigeon #19),Â£59.48,3,In stock,Mystery
The Widow,Â£27.26,2,In stock,Mystery
Playing with Fire,Â£13.71,3,In stock,Mystery
What Happened on Beale Street (Secrets of the South Mysteries #2),Â£25.37,5,In stock,Mystery
The Bachelor Girl's Guide to Murder (Herringford and Watts Mysteries #1),Â£52.30,5,In stock,Mystery
Delivering the Truth (Quaker Midwife Mystery #1),Â£20.89,4,In stock,Mystery
The Mysterious Affair at Styles (Hercule Poirot #1),Â£24.80,4,In stock,Mystery
In the Woods (Dublin Murder Squad #1),Â£38.38,2,In stock,Mystery
The Silkworm (Cormoran Strike #2),Â£23.05,5,In stock,Mystery
The Exiled,Â£43.45,3,In stock,Mystery
The Cuckoo's Calling (Cormoran Strike #1),Â£19.21,1,In stock,Mystery
Extreme Prey (Lucas Davenport #26),Â£25.40,3,In stock,Mystery
Career of Evil (Cormoran Strike #3),Â£24.72,2,In stock,Mystery
The No. 1 Ladies' Detective Agency (No. 1 Ladies' Detective Agency #1),Â£57.70,4,In stock,Mystery
The Girl You Lost,Â£12.29,5,In stock,Mystery
The Girl In The Ice (DCI Erika Foster #1),Â£15.85,3,In stock,Mystery
Blood Defense (Samantha Brinkman #1),Â£20.30,3,In stock,Mystery
1st to Die (Women's Murder Club #1),Â£53.98,1,In stock,Mystery
Mesaerion: The Best Science Fiction Stories 1800-1849,Â£37.59,1,In stock,Science Fiction
Join,Â£35.67,5,In stock,Science Fiction
"William Shakespeare's Star Wars: Verily, A New Hope (William Shakespeare's Star Wars #4)",Â£43.30,4,In stock,Science Fiction
The Project,Â£10.65,1,In stock,Science Fiction
Soft Apocalypse,Â£26.12,2,In stock,Science Fiction
Sleeping Giants (Themis Files #1),Â£48.74,1,In stock,Science Fiction
Arena,Â£21.36,4,In stock,Science Fiction
Foundation (Foundation (Publication Order) #1),Â£32.42,1,In stock,Science Fiction
The Restaurant at the End of the Universe (Hitchhiker's Guide to the Galaxy #2),Â£10.92,1,In stock,Science Fiction
Ready Player One,Â£19.07,4,In stock,Science Fiction
"Life, the Universe and Everything (Hitchhiker's Guide to the Galaxy #3)",Â£33.26,2,In stock,Science Fiction
Dune (Dune #1),Â£54.86,1,In stock,Science Fiction
Do Androids Dream of Electric Sheep? (Blade Runner #1),Â£51.48,1,In stock,Science Fiction
Three Wishes (River of Time: California #1),Â£44.18,2,In stock,Science Fiction
The Last Girl (The Dominion Trilogy #1),Â£36.26,2,In stock,Science Fiction
Having the Barbarian's Baby (Ice Planet Barbarians #7.5),Â£34.96,4,In stock,Science Fiction
Chase Me (Paris Nights #2),Â£25.27,5,In stock,Romance
Black Dust,Â£34.53,5,In stock,Romance
Her Backup Boyfriend (The Sorensen Family #1),Â£33.97,1,In stock,Romance
First and First (Five Boroughs #3),Â£15.97,4,In stock,Romance
Fifty Shades Darker (Fifty Shades #2),Â£21.96,1,In stock,Romance
The Wedding Dress,Â£24.12,1,In stock,Romance
Suddenly in Love (Lake Haven #1),Â£55.99,2,In stock,Romance
Something More Than This,Â£16.24,4,In stock,Romance
Doing It Over (Most Likely To #1),Â£35.61,3,In stock,Romance
The Wedding Pact (The O'Malleys #2),Â£32.61,3,In stock,Romance
Hold Your Breath (Search and Rescue #1),Â£28.82,1,In stock,Romance
Dirty (Dive Bar #1),Â£40.83,4,In stock,Romance
Take Me Home Tonight (Rock Star Romance #3),Â£53.98,3,In stock,Romance
Off the Hook (Fishing for Trouble #1),Â£47.67,3,In stock,Romance
A Gentleman's Position (Society of Gentlemen #3),Â£14.75,5,In stock,Romance
"Sit, Stay, Love",Â£20.90,3,In stock,Romance
A Girl's Guide to Moving On (New Beginnings #2),Â£31.30,1,In stock,Romance
The Perfect Play (Play by Play #1),Â£59.99,3,In stock,Romance
Dark Lover (Black Dagger Brotherhood #1),Â£12.87,1,In stock,Romance
Changing the Game (Play by Play #2),Â£13.38,3,In stock,Romance
A Walk to Remember,Â£56.43,1,In stock,Romance
The Purest Hook (Second Circle Tattoos #3),Â£12.25,1,In stock,Romance
The Obsession,Â£45.43,1,In stock,Romance
Reservations for Two,Â£11.10,3,In stock,Romance
Best of My Love (Fool's Gold #20),Â£27.41,2,In stock,Romance
Where Lightning Strikes (Bleeding Stars #3),Â£39.77,3,In stock,Romance
This One Moment (Pushing Limits #1),Â£48.71,1,In stock,Romance
"Rhythm, Chord & Malykhin",Â£28.34,2,In stock,Romance
My Perfect Mistake (Over the Top #1),Â£38.92,2,In stock,Romance
Listen to Me (Fusion #1),Â£58.99,3,In stock,Romance
Imperfect Harmony,Â£34.74,4,In stock,Romance
Fighting Fate (Fighting #6),Â£39.24,3,In stock,Romance
Deep Under (Walker Security #1),Â£47.09,5,In stock,Romance
Charity's Cross (Charles Towne Belles #4),Â£41.24,1,In stock,Romance
Bounty (Colorado Mountain #7),Â£37.26,4,In stock,Romance
Sapiens: A Brief History of Humankind,Â£54.23,5,In stock,History
"Unbound: How Eight Technologies Made Us Human, Transformed Society, and Brought Our World to the Brink",Â£25.52,1,In stock,History
The Age of Genius: The Seventeenth Century and the Birth of the Modern Mind,Â£19.73,1,In stock,History
"Political Suicide: Missteps, Peccadilloes, Bad Calls, Backroom Hijinx, Sordid Pasts, Rotten Breaks, and Just Plain Dumb Mistakes in the Annals of American Politics",Â£36.28,2,In stock,History
Thomas Jefferson and the Tripoli Pirates: The Forgotten War That Changed American History,Â£59.64,1,In stock,History
Zealot: The Life and Times of Jesus of Nazareth,Â£24.70,3,In stock,History
A Distant Mirror: The Calamitous 14th Century,Â£14.58,3,In stock,History
1491: New Revelations of the Americas Before Columbus,Â£21.80,3,In stock,History
Brilliant Beacons: A History of the American Lighthouse,Â£11.45,3,In stock,History
"""Most Blessed of the Patriarchs"": Thomas Jefferson and the Empire of the Imagination",Â£44.48,5,In stock,History
A Short History of Nearly Everything,Â£52.40,5,In stock,History
The Rise and Fall of the Third Reich: A History of Nazi Germany,Â£39.67,2,In stock,History
Catherine the Great: Portrait of a Woman,Â£58.55,4,In stock,History
The Mathews Men: Seven Brothers and the War Against Hitler's U-boats,Â£42.91,5,In stock,History
The Hiding Place,Â£55.91,4,In stock,History
America's War for the Greater Middle East: A Military History,Â£51.22,2,In stock,History
The Guns of August,Â£14.54,2,In stock,History
"House of Lost Worlds: Dinosaurs, Dynasties, and the Story of Life on Earth",Â£43.70,2,In stock,History
It's Only the Himalayas,Â£45.17,2,In stock,Travel
Full Moon over Noahâs Ark: An Odyssey to Mount Ararat and Beyond,Â£49.43,4,In stock,Travel
See America: A Celebration of Our National Parks & Treasured Sites,Â£48.87,3,In stock,Travel
Vagabonding: An Uncommon Guide to the Art of Long-Term World Travel,Â£36.94,2,In stock,Travel
Under the Tuscan Sun,Â£37.33,3,In stock,Travel
A Summer In Europe,Â£44.34,2,In stock,Travel
The Great Railway Bazaar,Â£30.54,1,In stock,Travel
A Year in Provence (Provence #1),Â£56.88,4,In stock,Travel
The Road to Little Dribbling: Adventures of an American in Britain (Notes From a Small Island #2),Â£23.21,1,In stock,Travel
Neither Here nor There: Travels in Europe,Â£38.95,3,In stock,Travel
"1,000 Places to See Before You Die",Â£26.08,5,In stock,Travel
